{"egyptian": {"mfcc_1_mean": -268.25963973999023, "mfcc_1_std": 166.80901336669922, "mfcc_delta_1_mean": 0.06851774104870856, "mfcc_delta2_1_mean": 0.04701980855315924, "mfcc_2_mean": 74.16722106933594, "mfcc_2_std": 65.77856922149658, "mfcc_delta_2_mean": 0.025808980513829738, "mfcc_delta2_2_mean": 0.016203121980652213, "mfcc_3_mean": 5.862015247344971, "mfcc_3_std": 34.04503536224365, "mfcc_delta_3_mean": 0.0012528665829449892, "mfcc_delta2_3_mean": 0.0006048650539014488, "mfcc_4_mean": 15.05350112915039, "mfcc_4_std": 25.720333576202393, "mfcc_delta_4_mean": 0.006322721194010228, "mfcc_delta2_4_mean": 0.004577247065412848, "mfcc_5_mean": 1.638712152838707, "mfcc_5_std": 21.840444087982178, "mfcc_delta_5_mean": 0.0036829161690548062, "mfcc_delta2_5_mean": 0.0019852404948323965, "mfcc_6_mean": -8.056343257427216, "mfcc_6_std": 16.77451753616333, "mfcc_delta_6_mean": -0.002708560961764306, "mfcc_delta2_6_mean": -0.002791118115055724, "mfcc_7_mean": -1.3692333325743675, "mfcc_7_std": 13.191361665725708, "mfcc_delta_7_mean": -0.0013909658409829717, "mfcc_delta2_7_mean": -0.0012690261901298072, "mfcc_8_mean": -4.753886520862579, "mfcc_8_std": 14.460684061050415, "mfcc_delta_8_mean": -0.0020024729310534894, "mfcc_delta2_8_mean": -0.002087387547362596, "mfcc_9_mean": -12.932495355606079, "mfcc_9_std": 14.309756517410278, "mfcc_delta_9_mean": 0.0009144481446128339, "mfcc_delta2_9_mean": -0.0004042579748784192, "mfcc_10_mean": -1.9826064258813858, "mfcc_10_std": 10.93460988998413, "mfcc_delta_10_mean": 0.0015577459998894483, "mfcc_delta2_10_mean": 0.00036600940802600235, "mfcc_11_mean": -9.919283390045166, "mfcc_11_std": 12.15739917755127, "mfcc_delta_11_mean": 0.00096778133593034, "mfcc_delta2_11_mean": 0.00020805488748010248, "mfcc_12_mean": -2.9210909008979797, "mfcc_12_std": 8.521629929542542, "mfcc_delta_12_mean": 0.0009215178433805704, "mfcc_delta2_12_mean": 0.00017303612185060047, "mfcc_13_mean": -8.290940761566162, "mfcc_13_std": 10.8485426902771, "mfcc_delta_13_mean": -0.0028575145406648517, "mfcc_delta2_13_mean": -0.002251663157949224, "spectral_centroid_mean": 1892.4096545069242, "spectral_centroid_std": 1633.4887929500155, "spectral_bandwidth_mean": 1887.8917606867358, "spectral_bandwidth_std": 1010.608699137862, "spectral_rolloff_mean": 3547.195279514141, "spectral_rolloff_std": 2867.7191530407463, "spectral_contrast_1_mean": 19.627287881227847, "spectral_contrast_2_mean": 16.234184871453646, "spectral_contrast_3_mean": 17.926827955425146, "spectral_contrast_4_mean": 15.964444697246382, "spectral_contrast_5_mean": 17.368692772863355, "spectral_contrast_6_mean": 22.87095176477503, "spectral_contrast_7_mean": 44.8213375261611, "zcr_mean": 0.10334495945376151, "zcr_std": 0.13473551383663843, "chroma_1_mean": 0.323380671441555, "chroma_2_mean": 0.325993612408638, "chroma_3_mean": 0.31976381689310074, "chroma_4_mean": 0.3070925325155258, "chroma_5_mean": 0.28613438084721565, "chroma_6_mean": 0.27388060837984085, "chroma_7_mean": 0.28114911541342735, "chroma_8_mean": 0.30932535976171494, "chroma_9_mean": 0.359578475356102, "chroma_10_mean": 0.39798976480960846, "chroma_11_mean": 0.3856535702943802, "chroma_12_mean": 0.3497522175312042, "rms_mean": 0.1177831944078207, "rms_std": 0.09439973346889019, "pitch_mean": 169.55253125366156, "pitch_std": 36.98414256833442, "pitch_range": 197.70254062053093, "pitch_median": 169.86120704373315, "spectral_flatness_mean": 0.20173398777842522, "spectral_flatness_std": 0.3757482022047043, "tonnetz_1_mean": 0.0073314374773404125, "tonnetz_2_mean": 0.0016840708360088303, "tonnetz_3_mean": -0.023553892532476257, "tonnetz_4_mean": -0.00025306773231625066, "tonnetz_5_mean": -0.00019217497241720604, "tonnetz_6_mean": 0.005389228557882806, "tempo": 141.66581003289474}, "gulf": {"mfcc_1_mean": -268.8474655151367, "mfcc_1_std": 168.57259368896484, "mfcc_delta_1_mean": 0.09490049816668034, "mfcc_delta2_1_mean": 0.0802064798772335, "mfcc_2_mean": 72.65796661376953, "mfcc_2_std": 64.54631996154785, "mfcc_delta_2_mean": 0.03259972808882594, "mfcc_delta2_2_mean": 0.025413184775970876, "mfcc_3_mean": 1.3793835639953613, "mfcc_3_std": 33.85391092300415, "mfcc_delta_3_mean": -0.004796870663994923, "mfcc_delta2_3_mean": -0.007652894943021238, "mfcc_4_mean": 15.955193281173706, "mfcc_4_std": 26.704423427581787, "mfcc_delta_4_mean": 0.006485458463430405, "mfcc_delta2_4_mean": 0.0007294902752619237, "mfcc_5_mean": 2.6637941317167133, "mfcc_5_std": 22.02985668182373, "mfcc_delta_5_mean": 0.00022461480693891644, "mfcc_delta2_5_mean": -0.0028615924529731274, "mfcc_6_mean": -8.094328999519348, "mfcc_6_std": 17.2852201461792, "mfcc_delta_6_mean": 3.442142406129278e-05, "mfcc_delta2_6_mean": -0.002710899614612572, "mfcc_7_mean": -1.7340439409017563, "mfcc_7_std": 14.404169082641602, "mfcc_delta_7_mean": -0.0035172926873201504, "mfcc_delta2_7_mean": -0.005755320278694853, "mfcc_8_mean": -4.474511116743088, "mfcc_8_std": 14.011763572692871, "mfcc_delta_8_mean": -0.0014528174069710076, "mfcc_delta2_8_mean": -0.0035887246776837856, "mfcc_9_mean": -11.440706253051758, "mfcc_9_std": 13.730005979537964, "mfcc_delta_9_mean": 0.0018272659381182166, "mfcc_delta2_9_mean": -0.0004470397689146921, "mfcc_10_mean": -3.9780059680342674, "mfcc_10_std": 11.93347430229187, "mfcc_delta_10_mean": -0.0034889006637968123, "mfcc_delta2_10_mean": -0.004940572544001043, "mfcc_11_mean": -7.867028713226318, "mfcc_11_std": 11.934280633926392, "mfcc_delta_11_mean": -0.0008643093169666827, "mfcc_delta2_11_mean": -0.0021771517349407077, "mfcc_12_mean": -1.1564937978982925, "mfcc_12_std": 9.910555839538574, "mfcc_delta_12_mean": 0.0003859334683511406, "mfcc_delta2_12_mean": -0.0015578099942104018, "mfcc_13_mean": -8.470899820327759, "mfcc_13_std": 10.622832298278809, "mfcc_delta_13_mean": -0.0020922942167089786, "mfcc_delta2_13_mean": -0.0037896452558925375, "spectral_centroid_mean": 1963.4974037372244, "spectral_centroid_std": 1622.453762743836, "spectral_bandwidth_mean": 1924.6090833776004, "spectral_bandwidth_std": 986.1805147390378, "spectral_rolloff_mean": 3661.500494967504, "spectral_rolloff_std": 2809.8841652326373, "spectral_contrast_1_mean": 20.092545188325147, "spectral_contrast_2_mean": 16.61001237106375, "spectral_contrast_3_mean": 18.216133100333593, "spectral_contrast_4_mean": 16.109890084873477, "spectral_contrast_5_mean": 17.207421118380314, "spectral_contrast_6_mean": 23.19902113875689, "spectral_contrast_7_mean": 43.70590708740765, "zcr_mean": 0.10173236383526263, "zcr_std": 0.12971473712629972, "chroma_1_mean": 0.33594946563243866, "chroma_2_mean": 0.3370946869254112, "chroma_3_mean": 0.33647260814905167, "chroma_4_mean": 0.33474187552928925, "chroma_5_mean": 0.3004065081477165, "chroma_6_mean": 0.26817263662815094, "chroma_7_mean": 0.2745433896780014, "chroma_8_mean": 0.3125125765800476, "chroma_9_mean": 0.3413160517811775, "chroma_10_mean": 0.35377953201532364, "chroma_11_mean": 0.3598479703068733, "chroma_12_mean": 0.3596019297838211, "rms_mean": 0.10601795464754105, "rms_std": 0.08205194026231766, "pitch_mean": 168.04265629938828, "pitch_std": 35.01825281480146, "pitch_range": 175.74549193038388, "pitch_median": 164.65626973487556, "spectral_flatness_mean": 0.18953178822994232, "spectral_flatness_std": 0.3662441372871399, "tonnetz_1_mean": -0.00459645772302374, "tonnetz_2_mean": 0.014535705745939115, "tonnetz_3_mean": 0.013197601546705535, "tonnetz_4_mean": 0.005599892148844274, "tonnetz_5_mean": 0.0023214680837091465, "tonnetz_6_mean": 0.005084808274332664, "tempo": 142.34998463974586}, "levantine": {"mfcc_1_mean": -295.63134002685547, "mfcc_1_std": 180.63578414916992, "mfcc_delta_1_mean": 0.05029466934502125, "mfcc_delta2_1_mean": 0.04497227165848017, "mfcc_2_mean": 65.47180366516113, "mfcc_2_std": 71.81821823120117, "mfcc_delta_2_mean": 0.02586372708901763, "mfcc_delta2_2_mean": 0.02245594607666135, "mfcc_3_mean": -4.034525215625763, "mfcc_3_std": 27.72081756591797, "mfcc_delta_3_mean": -0.0027207008242839947,