{"egyptian": [132.56838868532714, 206.53667382199598], "gulf": [133.02440348458683, 203.06090911418974], "levantine": [128.91381846771054, 175.52505504786672], "maghrebi": [140.72094196589995, 210.3358411713889]}